1,Terrijo,Barnham,29/09/1968
2,Cassandra,Ruzicka,03/04/1960
3,Jobyna,Stopps,18/02/1987
4,Glynis,Gullivan,04/10/1991
5,Ruthanne,Resdale,04/09/1971
6,Gabi,Cameron,26/03/1981
7,Aylmer,Malek,22/04/1998
8,Piggy,Elsey,20/02/1966
9,Aggy,Pearse,19/01/1999
10,Johnna,McMeanma,26/03/1979
11,Abram,Edgerley,29/09/1988
12,Benn,Thornton-Dewhirst,25/05/1986
13,Greggory,Jann,26/04/1995
14,Margi,Holcroft,23/02/1967
15,Rafi,Dewdeny,06/09/1969
16,Lucita,Seefeldt,07/09/1993
17,Carolin,Rodie,18/10/1998
18,Andie,Josiah,22/05/1980
19,Florette,Sebrook,28/02/1963
20,Vikky,Selly,29/04/1964
21,Maurita,Brimley,03/09/1998
22,Fidelity,Asaaf,24/02/1971
23,Ulrick,Clemerson,07/04/1977
24,Allissa,Stiffell,06/07/1998
25,Kennett,Rivallant,07/05/1979
26,Marten,Cousens,06/06/1966
27,Codi,Pache,05/09/1962
28,Giffard,Dine-Hart,29/09/1971
29,Dixie,Mapstone,25/08/1991
30,Tallie,Bantick,24/12/1992
31,Beck,Hordle,19/07/1976
32,Farrel,Buckney,12/03/1971
33,Phil,Girardez,10/04/1986
34,Donna,O'Shields,24/02/1992
35,Welsh,Berndsen,26/01/1981
36,Romy,Avesque,15/10/1970
37,Ganny,Crielly,11/09/1996
38,Joseph,Schade,14/04/1983
39,Myrtia,Petasch,14/04/1998
40,Baxy,Dosedale,13/11/1981
41,Phillipp,Peggrem,24/06/1973
42,Denny,Norway,07/03/1971
43,Dory,Willimont,19/05/1974
44,Giulia,Cansdill,06/02/1969
45,Jere,Meaney,24/12/1961
46,Waly,Lory,06/07/1986
47,Erda,Middis,31/07/1992
48,Mamie,Coplestone,08/06/1968
49,Kirk,Scheffel,01/02/1975
50,Humphrey,Keeley,21/05/1994
51,Etienne,Bronger,25/08/1996
52,Alick,Winterbourne,02/04/1969
53,Lombard,Measor,05/05/1970
54,Annnora,Zukerman,24/12/1991
55,Clair,St. Ledger,22/01/1985
56,Breanne,Greenhalgh,25/09/1977
57,Merrile,Vint,21/03/1976
58,Constantina,Birdwhistell,10/03/1970
59,Jamaal,Urlin,19/07/1984
60,Carin,Ridde,03/05/1980
61,Raymond,Dimmick,02/07/1966
62,Scott,de Mullett,14/08/1980
63,Goran,Kuban,05/02/1983
64,Hollie,Rozsa,18/07/1966
65,Maritsa,Ferrieres,18/05/1961
66,Boniface,Laird-Craig,20/12/1964
67,Penn,Bazley,17/05/1983
68,Domenic,Sarson,02/08/1996
69,Krystyna,Marini,20/04/1986
70,Davita,Valsler,04/10/1986
71,Kermie,Haydock,31/10/1983
72,Lyndy,Dalley,06/07/1964
73,Amie,Sparshett,17/07/1968
74,Melloney,Balderstone,04/01/1986
75,Jo,Skyme,18/08/1999
76,Goldia,Pidduck,17/03/1980
77,Gennifer,Lopes,05/08/1964
78,Leonardo,Stiling,10/06/1966
79,George,Barti,13/12/1981
80,Doralia,McGeachie,11/02/1966
81,Eldridge,MacPaden,08/02/1993
82,Daphne,Walcar,02/10/1971
83,Caterina,Deppe,14/06/1972
84,Mattie,Gipp,17/07/1989
85,Hamnet,Paice,31/10/1966
86,Fanya,Blackmore,06/06/1984
87,Ode,Emblow,25/08/1976
88,Boothe,Glantz,29/11/1974
89,Mahalia,Berrey,05/10/1974
90,Hali,Camplen,29/10/1990
91,Hillel,Tarn,16/12/1962
92,Hugh,Scrinage,17/12/1988
93,Lia,Wysome,26/05/1962
94,Grissel,Shelp,25/06/1999
95,Morten,Plackstone,18/07/1965
96,Wandie,Cosans,27/01/1985
97,Dud,Huccaby,24/11/1963
98,Delbert,Evenden,23/04/1969
99,Kennith,Shobrook,19/10/1969
100,Goran,Grigoletti,28/11/1962
